Archaea_Aenigmarchaeota_Aenigmarchaeota_Incertae_Sedis_Unknown_Order_Unknown_Family_Candidatus_Aenigmarchaeum	Archaea;Aenigmarchaeota;Aenigmarchaeota Incertae Sedis;Unknown Order;Unknown Family;Candidatus Aenigmarchaeum
Archaea_Aenigmarchaeota_Deep_Sea_Euryarchaeotic_Group_DSEG_	Archaea;Aenigmarchaeota;Deep Sea Euryarchaeotic Group(DSEG)
Archaea_Aigarchaeota_Aigarchaeota_Incertae_Sedis_Unknown_Order_Unknown_Family_Candidatus_Caldiarchaeum	Archaea;Aigarchaeota;Aigarchaeota Incertae Sedis;Unknown Order;Unknown Family;Candidatus Caldiarchaeum
Archaea_Aigarchaeota_Terrestrial_Hot_Spring_Gp_THSCG_	Archaea;Aigarchaeota;Terrestrial Hot Spring Gp(THSCG)
Archaea_Ancient_Archaeal_Group_AAG_	Archaea;Ancient Archaeal Group(AAG)
Archaea_Crenarchaeota_Thermoprotei_1A-6	Archaea;Crenarchaeota;Thermoprotei;1A-6
Archaea_Crenarchaeota_Thermoprotei_4136-1-21	Archaea;Crenarchaeota;Thermoprotei;4136-1-21
Archaea_Crenarchaeota_Thermoprotei_a87Y42	Archaea;Crenarchaeota;Thermoprotei;a87Y42
Archaea_Crenarchaeota_Thermoprotei_Acidilobales_Acidilobaceae_Acidilobus	Archaea;Crenarchaeota;Thermoprotei;Acidilobales;Acidilobaceae;Acidilobus
Archaea_Crenarchaeota_Thermoprotei_Acidilobales_Caldisphaeraceae_Caldisphaera	Archaea;Crenarchaeota;Thermoprotei;Acidilobales;Caldisphaeraceae;Caldisphaera
Archaea_Crenarchaeota_Thermoprotei_Acidilobales_SK190	Archaea;Crenarchaeota;Thermoprotei;Acidilobales;SK190
Archaea_Crenarchaeota_Thermoprotei_Desulfurococcales_Desulfurococcaceae_Aeropyrum	Archaea;Crenarchaeota;Thermoprotei;Desulfurococcales;Desulfurococcaceae;Aeropyrum
Archaea_Crenarchaeota_Thermoprotei_Desulfurococcales_Desulfurococcaceae_Desulfurococcus	Archaea;Crenarchaeota;Thermoprotei;Desulfurococcales;Desulfurococcaceae;Desulfurococcus
Archaea_Crenarchaeota_Thermoprotei_Desulfurococcales_Desulfurococcaceae_Ignicoccus	Archaea;Crenarchaeota;Thermoprotei;Desulfurococcales;Desulfurococcaceae;Ignicoccus
Archaea_Crenarchaeota_Thermoprotei_Desulfurococcales_Desulfurococcaceae_Ignisphaera	Archaea;Crenarchaeota;Thermoprotei;Desulfurococcales;Desulfurococcaceae;Ignisphaera
Archaea_Crenarchaeota_Thermoprotei_Desulfurococcales_Desulfurococcaceae_Staphylothermus	Archaea;Crenarchaeota;Thermoprotei;Desulfurococcales;Desulfurococcaceae;Staphylothermus
Archaea_Crenarchaeota_Thermoprotei_Desulfurococcales_Desulfurococcaceae_Stetteria	Archaea;Crenarchaeota;Thermoprotei;Desulfurococcales;Desulfurococcaceae;Stetteria
Archaea_Crenarchaeota_Thermoprotei_Desulfurococcales_Desulfurococcaceae_Sulfophobococcus	Archaea;Crenarchaeota;Thermoprotei;Desulfurococcales;Desulfurococcaceae;Sulfophobococcus
Archaea_Crenarchaeota_Thermoprotei_Desulfurococcales_Desulfurococcaceae_Thermodiscus	Archaea;Crenarchaeota;Thermoprotei;Desulfurococcales;Desulfurococcaceae;Thermodiscus
Archaea_Crenarchaeota_Thermoprotei_Desulfurococcales_Desulfurococcaceae_Thermogladius	Archaea;Crenarchaeota;Thermoprotei;Desulfurococcales;Desulfurococcaceae;Thermogladius
Archaea_Crenarchaeota_Thermoprotei_Desulfurococcales_Desulfurococcaceae_Thermosphaera	Archaea;Crenarchaeota;Thermoprotei;Desulfurococcales;Desulfurococcaceae;Thermosphaera
Archaea_Crenarchaeota_Thermoprotei_Desulfurococcales_Desulfurococcaceae_uncultured	Archaea;Crenarchaeota;Thermoprotei;Desulfurococcales;Desulfurococcaceae;uncultured
Archaea_Crenarchaeota_Thermoprotei_Desulfurococcales_Pyrodictiaceae_Hyperthermus	Archaea;Crenarchaeota;Thermoprotei;Desulfurococcales;Pyrodictiaceae;Hyperthermus
Archaea_Crenarchaeota_Thermoprotei_Desulfurococcales_Pyrodictiaceae_Pyrodictium	Archaea;Crenarchaeota;Thermoprotei;Desulfurococcales;Pyrodictiaceae;Pyrodictium
Archaea_Crenarchaeota_Thermoprotei_Desulfurococcales_Pyrodictiaceae_uncultured	Archaea;Crenarchaeota;Thermoprotei;Desulfurococcales;Pyrodictiaceae;uncultured
Archaea_Crenarchaeota_Thermoprotei_Fervidicoccales_Fervidicoccaceae_Fervidicoccus	Archaea;Crenarchaeota;Thermoprotei;Fervidicoccales;Fervidicoccaceae;Fervidicoccus
Archaea_Crenarchaeota_Thermoprotei_Fervidicoccales_Fervidicoccaceae_uncultured	Archaea;Crenarchaeota;Thermoprotei;Fervidicoccales;Fervidicoccaceae;uncultured
Archaea_Crenarchaeota_Thermoprotei_HTM1036S-A29	Archaea;Crenarchaeota;Thermoprotei;HTM1036S-A29
Archaea_Crenarchaeota_Thermoprotei_Sulfolobales_Sulfolobaceae_Acidianus	Archaea;Crenarchaeota;Thermoprotei;Sulfolobales;Sulfolobaceae;Acidianus
Archaea_Crenarchaeota_Thermoprotei_Sulfolobales_Sulfolobaceae_Metallosphaera	Archaea;Crenarchaeota;Thermoprotei;Sulfolobales;Sulfolobaceae;Metallosphaera
Archaea_Crenarchaeota_Thermoprotei_Sulfolobales_Sulfolobaceae_Stygiolobus	Archaea;Crenarchaeota;Thermoprotei;Sulfolobales;Sulfolobaceae;Stygiolobus
Archaea_Crenarchaeota_Thermoprotei_Sulfolobales_Sulfolobaceae_Sulfolobus	Archaea;Crenarchaeota;Thermoprotei;Sulfolobales;Sulfolobaceae;Sulfolobus
Archaea_Crenarchaeota_Thermoprotei_Sulfolobales_Sulfolobaceae_Sulfurisphaera	Archaea;Crenarchaeota;Thermoprotei;Sulfolobales;Sulfolobaceae;Sulfurisphaera
Archaea_Crenarchaeota_Thermoprotei_Sulfolobales_Sulfolobaceae_uncultured	Archaea;Crenarchaeota;Thermoprotei;Sulfolobales;Sulfolobaceae;uncultured
Archaea_Crenarchaeota_Thermoprotei_Terrestrial_Miscellaneous_Gp_TMCG_	Archaea;Crenarchaeota;Thermoprotei;Terrestrial Miscellaneous Gp(TMCG)
Archaea_Crenarchaeota_Thermoprotei_Thermoproteales_Thermofilaceae_Thermofilum	Archaea;Crenarchaeota;Thermoprotei;Thermoproteales;Thermofilaceae;Thermofilum
Archaea_Crenarchaeota_Thermoprotei_Thermoproteales_Thermoproteaceae_Caldivirga	Archaea;Crenarchaeota;Thermoprotei;Thermoproteales;Thermoproteaceae;Caldivirga
Archaea_Crenarchaeota_Thermoprotei_Thermoproteales_Thermoproteaceae_Pyrobaculum	Archaea;Crenarchaeota;Thermoprotei;Thermoproteales;Thermoproteaceae;Pyrobaculum
Archaea_Crenarchaeota_Thermoprotei_Thermoproteales_Thermoproteaceae_Thermocladium	Archaea;Crenarchaeota;Thermoprotei;Thermoproteales;Thermoproteaceae;Thermocladium
Archaea_Crenarchaeota_Thermoprotei_Thermoproteales_Thermoproteaceae_Thermoproteus	Archaea;Crenarchaeota;Thermoprotei;Thermoproteales;Thermoproteaceae;Thermoproteus
Archaea_Crenarchaeota_Thermoprotei_Thermoproteales_Thermoproteaceae_uncultured	Archaea;Crenarchaeota;Thermoprotei;Thermoproteales;Thermoproteaceae;uncultured
Archaea_Crenarchaeota_Thermoprotei_Thermoproteales_Thermoproteaceae_Vulcanisaeta	Archaea;Crenarchaeota;Thermoprotei;Thermoproteales;Thermoproteaceae;Vulcanisaeta
Archaea_Diapherotrites_Diapherotrites_Incertae_Sedis_Unknown_Order_Unknown_Family_Candidatus_Iainarchaeum	Archaea;Diapherotrites;Diapherotrites Incertae Sedis;Unknown Order;Unknown Family;Candidatus Iainarchaeum
Archaea_Euryarchaeota_Archaeoglobi_Archaeoglobales_Archaeoglobaceae_Archaeoglobus	Archaea;Euryarchaeota;Archaeoglobi;Archaeoglobales;Archaeoglobaceae;Archaeoglobus
Archaea_Euryarchaeota_Archaeoglobi_Archaeoglobales_Archaeoglobaceae_Ferroglobus	Archaea;Euryarchaeota;Archaeoglobi;Archaeoglobales;Archaeoglobaceae;Ferroglobus
Archaea_Euryarchaeota_Archaeoglobi_Archaeoglobales_Archaeoglobaceae_Geoglobus	Archaea;Euryarchaeota;Archaeoglobi;Archaeoglobales;Archaeoglobaceae;Geoglobus
Archaea_Euryarchaeota_Archaeoglobi_Archaeoglobales_Archaeoglobaceae_uncultured	Archaea;Euryarchaeota;Archaeoglobi;Archaeoglobales;Archaeoglobaceae;uncultured
Archaea_Euryarchaeota_Halobacteria_Halobacteriales_Halobacteriaceae_Candidatus_Halobonum	Archaea;Euryarchaeota;Halobacteria;Halobacteriales;Halobacteriaceae;Candidatus Halobonum
Archaea_Euryarchaeota_Halobacteria_Halobacteriales_Halobacteriaceae_Haladaptatus	Archaea;Euryarchaeota;Halobacteria;Halobacteriales;Halobacteriaceae;Haladaptatus
Archaea_Euryarchaeota_Halobacteria_Halobacteriales_Halobacteriaceae_Halalkalicoccus	Archaea;Euryarchaeota;Halobacteria;Halobacteriales;Halobacteriaceae;Halalkalicoccus
Archaea_Euryarchaeota_Halobacteria_Halobacteriales_Halobacteriaceae_Halapricum	Archaea;Euryarchaeota;Halobacteria;Halobacteriales;Halobacteriaceae;Halapricum
Archaea_Euryarchaeota_Halobacteria_Halobacteriales_Halobacteriaceae_Halarchaeum	Archaea;Euryarchaeota;Halobacteria;Halobacteriales;Halobacteriaceae;Halarchaeum
Archaea_Euryarchaeota_Halobacteria_Halobacteriales_Halobacteriaceae_Haloarchaeobius	Archaea;Euryarchaeota;Halobacteria;Halobacteriales;Halobacteriaceae;Haloarchaeobius
Archaea_Euryarchaeota_Halobacteria_Halobacteriales_Halobacteriaceae_Haloarcula	Archaea;Euryarchaeota;Halobacteria;Halobacteriales;Halobacteriaceae;Haloarcula
Archaea_Euryarchaeota_Halobacteria_Halobacteriales_Halobacteriaceae_Halobacterium	Archaea;Euryarchaeota;Halobacteria;Halobacteriales;Halobacteriaceae;Halobacterium
Archaea_Euryarchaeota_Halobacteria_Halobacteriales_Halobacteriaceae_Halobaculum	Archaea;Euryarchaeota;Halobacteria;Halobacteriales;Halobacteriaceae;Halobaculum
Archaea_Euryarchaeota_Halobacteria_Halobacteriales_Halobacteriaceae_Halobellus	Archaea;Euryarchaeota;Halobacteria;Halobacteriales;Halobacteriaceae;Halobellus
Archaea_Euryarchaeota_Halobacteria_Halobacteriales_Halobacteriaceae_Halobiforma	Archaea;Euryarchaeota;Halobacteria;Halobacteriales;Halobacteriaceae;Halobiforma
Archaea_Euryarchaeota_Halobacteria_Halobacteriales_Halobacteriaceae_Halococcus	Archaea;Euryarchaeota;Halobacteria;Halobacteriales;Halobacteriaceae;Halococcus
Archaea_Euryarchaeota_Halobacteria_Halobacteriales_Halobacteriaceae_Haloferax	Archaea;Euryarchaeota;Halobacteria;Halobacteriales;Halobacteriaceae;Haloferax
Archaea_Euryarchaeota_Halobacteria_Halobacteriales_Halobacteriaceae_Halogeometricum	Archaea;Euryarchaeota;Halobacteria;Halobacteriales;Halobacteriaceae;Halogeometricum
Archaea_Euryarchaeota_Halobacteria_Halobacteriales_Halobacteriaceae_Halogranum	Archaea;Euryarchaeota;Halobacteria;Halobacteriales;Halobacteriaceae;Halogranum
Archaea_Euryarchaeota_Halobacteria_Halobacteriales_Halobacteriaceae_Halohasta	Archaea;Euryarchaeota;Halobacteria;Halobacteriales;Halobacteriaceae;Halohasta
Archaea_Euryarchaeota_Halobacteria_Halobacteriales_Halobacteriaceae_Halolamina	Archaea;Euryarchaeota;Halobacteria;Halobacteriales;Halobacteriaceae;Halolamina
Archaea_Euryarchaeota_Halobacteria_Halobacteriales_Halobacteriaceae_Halomarina	Archaea;Euryarchaeota;Halobacteria;Halobacteriales;Halobacteriaceae;Halomarina
Archaea_Euryarchaeota_Halobacteria_Halobacteriales_Halobacteriaceae_Halomicroarcula	Archaea;Euryarchaeota;Halobacteria;Halobacteriales;Halobacteriaceae;Halomicroarcula
Archaea_Euryarchaeota_Halobacteria_Halobacteriales_Halobacteriaceae_Halomicrobium	Archaea;Euryarchaeota;Halobacteria;Halobacteriales;Halobacteriaceae;Halomicrobium
Archaea_Euryarchaeota_Halobacteria_Halobacteriales_Halobacteriaceae_Halonotius	Archaea;Euryarchaeota;Halobacteria;Halobacteriales;Halobacteriaceae;Halonotius
Archaea_Euryarchaeota_Halobacteria_Halobacteriales_Halobacteriaceae_Halopelagius	Archaea;Euryarchaeota;Halobacteria;Halobacteriales;Halobacteriaceae;Halopelagius
Archaea_Euryarchaeota_Halobacteria_Halobacteriales_Halobacteriaceae_Halopenitus	Archaea;Euryarchaeota;Halobacteria;Halobacteriales;Halobacteriaceae;Halopenitus
Archaea_Euryarchaeota_Halobacteria_Halobacteriales_Halobacteriaceae_Halopiger	Archaea;Euryarchaeota;Halobacteria;Halobacteriales;Halobacteriaceae;Halopiger
Archaea_Euryarchaeota_Halobacteria_Halobacteriales_Halobacteriaceae_Haloplanus	Archaea;Euryarchaeota;Halobacteria;Halobacteriales;Halobacteriaceae;Haloplanus
Archaea_Euryarchaeota_Halobacteria_Halobacteriales_Halobacteriaceae_Haloquadratum	Archaea;Euryarchaeota;Halobacteria;Halobacteriales;Halobacteriaceae;Haloquadratum
Archaea_Euryarchaeota_Halobacteria_Halobacteriales_Halobacteriaceae_Halorhabdus	Archaea;Euryarchaeota;Halobacteria;Halobacteriales;Halobacteriaceae;Halorhabdus
Archaea_Euryarchaeota_Halobacteria_Halobacteriales_Halobacteriaceae_Halorientalis	Archaea;Euryarchaeota;Halobacteria;Halobacteriales;Halobacteriaceae;Halorientalis
Archaea_Euryarchaeota_Halobacteria_Halobacteriales_Halobacteriaceae_Halorubellus	Archaea;Euryarchaeota;Halobacteria;Halobacteriales;Halobacteriaceae;Halorubellus
Archaea_Euryarchaeota_Halobacteria_Halobacteriales_Halobacteriaceae_Halorubrum	Archaea;Euryarchaeota;Halobacteria;Halobacteriales;Halobacteriaceae;Halorubrum
Archaea_Euryarchaeota_Halobacteria_Halobacteriales_Halobacteriaceae_Halorussus	Archaea;Euryarchaeota;Halobacteria;Halobacteriales;Halobacteriaceae;Halorussus
Archaea_Euryarchaeota_Halobacteria_Halobacteriales_Halobacteriaceae_Halosimplex	Archaea;Euryarchaeota;Halobacteria;Halobacteriales;Halobacteriaceae;Halosimplex
Archaea_Euryarchaeota_Halobacteria_Halobacteriales_Halobacteriaceae_Halostagnicola	Archaea;Euryarchaeota;Halobacteria;Halobacteriales;Halobacteriaceae;Halostagnicola
Archaea_Euryarchaeota_Halobacteria_Halobacteriales_Halobacteriaceae_Haloterrigena	Archaea;Euryarchaeota;Halobacteria;Halobacteriales;Halobacteriaceae;Haloterrigena
Archaea_Euryarchaeota_Halobacteria_Halobacteriales_Halobacteriaceae_Halovenus	Archaea;Euryarchaeota;Halobacteria;Halobacteriales;Halobacteriaceae;Halovenus
Archaea_Euryarchaeota_Halobacteria_Halobacteriales_Halobacteriaceae_Halovivax	Archaea;Euryarchaeota;Halobacteria;Halobacteriales;Halobacteriaceae;Halovivax
Archaea_Euryarchaeota_Halobacteria_Halobacteriales_Halobacteriaceae_Natrialba	Archaea;Euryarchaeota;Halobacteria;Halobacteriales;Halobacteriaceae;Natrialba
Archaea_Euryarchaeota_Halobacteria_Halobacteriales_Halobacteriaceae_Natrinema	Archaea;Euryarchaeota;Halobacteria;Halobacteriales;Halobacteriaceae;Natrinema
Archaea_Euryarchaeota_Halobacteria_Halobacteriales_Halobacteriaceae_Natronoarchaeum	Archaea;Euryarchaeota;Halobacteria;Halobacteriales;Halobacteriaceae;Natronoarchaeum
Archaea_Euryarchaeota_Halobacteria_Halobacteriales_Halobacteriaceae_Natronobacterium	Archaea;Euryarchaeota;Halobacteria;Halobacteriales;Halobacteriaceae;Natronobacterium
Archaea_Euryarchaeota_Halobacteria_Halobacteriales_Halobacteriaceae_Natronococcus	Archaea;Euryarchaeota;Halobacteria;Halobacteriales;Halobacteriaceae;Natronococcus
Archaea_Euryarchaeota_Halobacteria_Halobacteriales_Halobacteriaceae_Natronolimnobius	Archaea;Euryarchaeota;Halobacteria;Halobacteriales;Halobacteriaceae;Natronolimnobius
Archaea_Euryarchaeota_Halobacteria_Halobacteriales_Halobacteriaceae_Natronomonas	Archaea;Euryarchaeota;Halobacteria;Halobacteriales;Halobacteriaceae;Natronomonas
Archaea_Euryarchaeota_Halobacteria_Halobacteriales_Halobacteriaceae_Natronorubrum	Archaea;Euryarchaeota;Halobacteria;Halobacteriales;Halobacteriaceae;Natronorubrum
Archaea_Euryarchaeota_Halobacteria_Halobacteriales_Halobacteriaceae_RDI82	Archaea;Euryarchaeota;Halobacteria;Halobacteriales;Halobacteriaceae;RDI82
Archaea_Euryarchaeota_Halobacteria_Halobacteriales_Halobacteriaceae_Salarchaeum	Archaea;Euryarchaeota;Halobacteria;Halobacteriales;Halobacteriaceae;Salarchaeum
Archaea_Euryarchaeota_Halobacteria_Halobacteriales_Halobacteriaceae_Salinarchaeum	Archaea;Euryarchaeota;Halobacteria;Halobacteriales;Halobacteriaceae;Salinarchaeum
Archaea_Euryarchaeota_Halobacteria_Halobacteriales_Halobacteriaceae_SFH1C031	Archaea;Euryarchaeota;Halobacteria;Halobacteriales;Halobacteriaceae;SFH1C031
Archaea_Euryarchaeota_Halobacteria_Halobacteriales_Halobacteriaceae_uncultured	Archaea;Euryarchaeota;Halobacteria;Halobacteriales;Halobacteriaceae;uncultured
Archaea_Euryarchaeota_Methanobacteria_Methanobacteriales_Methanobacteriaceae_Methanobacterium	Archaea;Euryarchaeota;Methanobacteria;Methanobacteriales;Methanobacteriaceae;Methanobacterium
Archaea_Euryarchaeota_Methanobacteria_Methanobacteriales_Methanobacteriaceae_Methanobrevibacter	Archaea;Euryarchaeota;Methanobacteria;Methanobacteriales;Methanobacteriaceae;Methanobrevibacter
Archaea_Euryarchaeota_Methanobacteria_Methanobacteriales_Methanobacteriaceae_Methanosphaera	Archaea;Euryarchaeota;Methanobacteria;Methanobacteriales;Methanobacteriaceae;Methanosphaera
Archaea_Euryarchaeota_Methanobacteria_Methanobacteriales_Methanobacteriaceae_Methanothermobacter	Archaea;Euryarchaeota;Methanobacteria;Methanobacteriales;Methanobacteriaceae;Methanothermobacter
Archaea_Euryarchaeota_Methanobacteria_Methanobacteriales_Methanobacteriaceae_uncultured	Archaea;Euryarchaeota;Methanobacteria;Methanobacteriales;Methanobacteriaceae;uncultured
Archaea_Euryarchaeota_Methanobacteria_Methanobacteriales_Methanothermaceae_Methanothermus	Archaea;Euryarchaeota;Methanobacteria;Methanobacteriales;Methanothermaceae;Methanothermus
Archaea_Euryarchaeota_Methanococci_Methanococcales_Methanocaldococcaceae_Methanocaldococcus	Archaea;Euryarchaeota;Methanococci;Methanococcales;Methanocaldococcaceae;Methanocaldococcus
Archaea_Euryarchaeota_Methanococci_Methanococcales_Methanocaldococcaceae_Methanotorris	Archaea;Euryarchaeota;Methanococci;Methanococcales;Methanocaldococcaceae;Methanotorris
Archaea_Euryarchaeota_Methanococci_Methanococcales_Methanococcaceae_Methanococcus	Archaea;Euryarchaeota;Methanococci;Methanococcales;Methanococcaceae;Methanococcus
Archaea_Euryarchaeota_Methanococci_Methanococcales_Methanococcaceae_Methanothermococcus	Archaea;Euryarchaeota;Methanococci;Methanococcales;Methanococcaceae;Methanothermococcus
Archaea_Euryarchaeota_Methanococci_Methanococcales_Methanococcaceae_uncultured	Archaea;Euryarchaeota;Methanococci;Methanococcales;Methanococcaceae;uncultured
Archaea_Euryarchaeota_Methanomicrobia_AK5	Archaea;Euryarchaeota;Methanomicrobia;AK5
Archaea_Euryarchaeota_Methanomicrobia_ANME-1_ANME-1a	Archaea;Euryarchaeota;Methanomicrobia;ANME-1;ANME-1a
Archaea_Euryarchaeota_Methanomicrobia_ANME-1_ANME-1b	Archaea;Euryarchaeota;Methanomicrobia;ANME-1;ANME-1b
Archaea_Euryarchaeota_Methanomicrobia_D-C06	Archaea;Euryarchaeota;Methanomicrobia;D-C06
Archaea_Euryarchaeota_Methanomicrobia_Methanocellales_BS-K-E9	Archaea;Euryarchaeota;Methanomicrobia;Methanocellales;BS-K-E9
Archaea_Euryarchaeota_Methanomicrobia_Methanocellales_Methanocellaceae_Methanocella	Archaea;Euryarchaeota;Methanomicrobia;Methanocellales;Methanocellaceae;Methanocella
Archaea_Euryarchaeota_Methanomicrobia_Methanocellales_Methanocellaceae_Rice_Cluster_I	Archaea;Euryarchaeota;Methanomicrobia;Methanocellales;Methanocellaceae;Rice Cluster I
Archaea_Euryarchaeota_Methanomicrobia_Methanocellales_MidArch4	Archaea;Euryarchaeota;Methanomicrobia;Methanocellales;MidArch4
Archaea_Euryarchaeota_Methanomicrobia_Methanomicrobiales_02-02-504	Archaea;Euryarchaeota;Methanomicrobia;Methanomicrobiales;02-02-504
Archaea_Euryarchaeota_Methanomicrobia_Methanomicrobiales_C19A	Archaea;Euryarchaeota;Methanomicrobia;Methanomicrobiales;C19A
Archaea_Euryarchaeota_Methanomicrobia_Methanomicrobiales_EJ-E01	Archaea;Euryarchaeota;Methanomicrobia;Methanomicrobiales;EJ-E01
Archaea_Euryarchaeota_Methanomicrobia_Methanomicrobiales_LR-13	Archaea;Euryarchaeota;Methanomicrobia;Methanomicrobiales;LR-13
Archaea_Euryarchaeota_Methanomicrobia_Methanomicrobiales_Methanocorpusculaceae_Methanocorpusculum	Archaea;Euryarchaeota;Methanomicrobia;Methanomicrobiales;Methanocorpusculaceae;Methanocorpusculum
Archaea_Euryarchaeota_Methanomicrobia_Methanomicrobiales_Methanomicrobiaceae_Methanoculleus	Archaea;Euryarchaeota;Methanomicrobia;Methanomicrobiales;Methanomicrobiaceae;Methanoculleus
Archaea_Euryarchaeota_Methanomicrobia_Methanomicrobiales_Methanomicrobiaceae_Methanofollis	Archaea;Euryarchaeota;Methanomicrobia;Methanomicrobiales;Methanomicrobiaceae;Methanofollis
Archaea_Euryarchaeota_Methanomicrobia_Methanomicrobiales_Methanomicrobiaceae_Methanogenium	Archaea;Euryarchaeota;Methanomicrobia;Methanomicrobiales;Methanomicrobiaceae;Methanogenium
Archaea_Euryarchaeota_Methanomicrobia_Methanomicrobiales_Methanomicrobiaceae_Methanolacinia	Archaea;Euryarchaeota;Methanomicrobia;Methanomicrobiales;Methanomicrobiaceae;Methanolacinia
Archaea_Euryarchaeota_Methanomicrobia_Methanomicrobiales_Methanomicrobiaceae_Methanomicrobium	Archaea;Euryarchaeota;Methanomicrobia;Methanomicrobiales;Methanomicrobiaceae;Methanomicrobium
Archaea_Euryarchaeota_Methanomicrobia_Methanomicrobiales_Methanomicrobiaceae_Methanoplanus	Archaea;Euryarchaeota;Methanomicrobia;Methanomicrobiales;Methanomicrobiaceae;Methanoplanus
Archaea_Euryarchaeota_Methanomicrobia_Methanomicrobiales_Methanomicrobiaceae_uncultured	Archaea;Euryarchaeota;Methanomicrobia;Methanomicrobiales;Methanomicrobiaceae;uncultured
Archaea_Euryarchaeota_Methanomicrobia_Methanomicrobiales_Methanomicrobiales_Incertae_Sedis_Methanocalculus	Archaea;Euryarchaeota;Methanomicrobia;Methanomicrobiales;Methanomicrobiales Incertae Sedis;Methanocalculus
Archaea_Euryarchaeota_Methanomicrobia_Methanomicrobiales_Methanoregulaceae_Methanolinea	Archaea;Euryarchaeota;Methanomicrobia;Methanomicrobiales;Methanoregulaceae;Methanolinea
Archaea_Euryarchaeota_Methanomicrobia_Methanomicrobiales_Methanoregulaceae_Methanoregula	Archaea;Euryarchaeota;Methanomicrobia;Methanomicrobiales;Methanoregulaceae;Methanoregula
Archaea_Euryarchaeota_Methanomicrobia_Methanomicrobiales_Methanoregulaceae_Methanosphaerula	Archaea;Euryarchaeota;Methanomicrobia;Methanomicrobiales;Methanoregulaceae;Methanosphaerula
Archaea_Euryarchaeota_Methanomicrobia_Methanomicrobiales_Methanospirillaceae_Methanospirillum	Archaea;Euryarchaeota;Methanomicrobia;Methanomicrobiales;Methanospirillaceae;Methanospirillum
Archaea_Euryarchaeota_Methanomicrobia_Methanomicrobiales_MHLsu47-B8A	Archaea;Euryarchaeota;Methanomicrobia;Methanomicrobiales;MHLsu47-B8A
Archaea_Euryarchaeota_Methanomicrobia_Methanomicrobiales_Rice_Cluster_II	Archaea;Euryarchaeota;Methanomicrobia;Methanomicrobiales;Rice Cluster II
Archaea_Euryarchaeota_Methanomicrobia_Methanomicrobiales_SMS-sludge-7	Archaea;Euryarchaeota;Methanomicrobia;Methanomicrobiales;SMS-sludge-7
Archaea_Euryarchaeota_Methanomicrobia_Methanomicrobiales_WCHA2-08	Archaea;Euryarchaeota;Methanomicrobia;Methanomicrobiales;WCHA2-08
Archaea_Euryarchaeota_Methanomicrobia_Methanosarcinales_ANME-2a-2b_ANME-2b	Archaea;Euryarchaeota;Methanomicrobia;Methanosarcinales;ANME-2a-2b;ANME-2b
Archaea_Euryarchaeota_Methanomicrobia_Methanosarcinales_ANME-2c	Archaea;Euryarchaeota;Methanomicrobia;Methanosarcinales;ANME-2c
Archaea_Euryarchaeota_Methanomicrobia_Methanosarcinales_GOM_Arc_I_Candidatus_Methanoperedens	Archaea;Euryarchaeota;Methanomicrobia;Methanosarcinales;GOM Arc I;Candidatus Methanoperedens
Archaea_Euryarchaeota_Methanomicrobia_Methanosarcinales_GoM-Arch87	Archaea;Euryarchaeota;Methanomicrobia;Methanosarcinales;GoM-Arch87
Archaea_Euryarchaeota_Methanomicrobia_Methanosarcinales_Methanosaetaceae_Methanosaeta	Archaea;Euryarchaeota;Methanomicrobia;Methanosarcinales;Methanosaetaceae;Methanosaeta
Archaea_Euryarchaeota_Methanomicrobia_Methanosarcinales_Methanosarcinaceae_ANME-3	Archaea;Euryarchaeota;Methanomicrobia;Methanosarcinales;Methanosarcinaceae;ANME-3
Archaea_Euryarchaeota_Methanomicrobia_Methanosarcinales_Methanosarcinaceae_Methanimicrococcus	Archaea;Euryarchaeota;Methanomicrobia;Methanosarcinales;Methanosarcinaceae;Methanimicrococcus
Archaea_Euryarchaeota_Methanomicrobia_Methanosarcinales_Methanosarcinaceae_Methanococcoides	Archaea;Euryarchaeota;Methanomicrobia;Methanosarcinales;Methanosarcinaceae;Methanococcoides
Archaea_Euryarchaeota_Methanomicrobia_Methanosarcinales_Methanosarcinaceae_Methanohalobium	Archaea;Euryarchaeota;Methanomicrobia;Methanosarcinales;Methanosarcinaceae;Methanohalobium
Archaea_Euryarchaeota_Methanomicrobia_Methanosarcinales_Methanosarcinaceae_Methanohalophilus	Archaea;Euryarchaeota;Methanomicrobia;Methanosarcinales;Methanosarcinaceae;Methanohalophilus
Archaea_Euryarchaeota_Methanomicrobia_Methanosarcinales_Methanosarcinaceae_Methanolobus	Archaea;Euryarchaeota;Methanomicrobia;Methanosarcinales;Methanosarcinaceae;Methanolobus
Archaea_Euryarchaeota_Methanomicrobia_Methanosarcinales_Methanosarcinaceae_Methanomethylovorans	Archaea;Euryarchaeota;Methanomicrobia;Methanosarcinales;Methanosarcinaceae;Methanomethylovorans
Archaea_Euryarchaeota_Methanomicrobia_Methanosarcinales_Methanosarcinaceae_Methanosalsum	Archaea;Euryarchaeota;Methanomicrobia;Methanosarcinales;Methanosarcinaceae;Methanosalsum
Archaea_Euryarchaeota_Methanomicrobia_Methanosarcinales_Methanosarcinaceae_Methanosarcina	Archaea;Euryarchaeota;Methanomicrobia;Methanosarcinales;Methanosarcinaceae;Methanosarcina
Archaea_Euryarchaeota_Methanomicrobia_Methanosarcinales_Methanosarcinaceae_uncultured	Archaea;Euryarchaeota;Methanomicrobia;Methanosarcinales;Methanosarcinaceae;uncultured
Archaea_Euryarchaeota_Methanomicrobia_Methanosarcinales_Methermicoccaceae_Methermicoccus	Archaea;Euryarchaeota;Methanomicrobia;Methanosarcinales;Methermicoccaceae;Methermicoccus
Archaea_Euryarchaeota_Methanomicrobia_ST-12K10A	Archaea;Euryarchaeota;Methanomicrobia;ST-12K10A
Archaea_Euryarchaeota_Methanopyri_Methanopyrales_Methanopyraceae_Methanopyrus	Archaea;Euryarchaeota;Methanopyri;Methanopyrales;Methanopyraceae;Methanopyrus
Archaea_Euryarchaeota_Thermococci_Thermococcales_Thermococcaceae_Palaeococcus	Archaea;Euryarchaeota;Thermococci;Thermococcales;Thermococcaceae;Palaeococcus
Archaea_Euryarchaeota_Thermococci_Thermococcales_Thermococcaceae_Pyrococcus	Archaea;Euryarchaeota;Thermococci;Thermococcales;Thermococcaceae;Pyrococcus
Archaea_Euryarchaeota_Thermococci_Thermococcales_Thermococcaceae_Thermococcus	Archaea;Euryarchaeota;Thermococci;Thermococcales;Thermococcaceae;Thermococcus
Archaea_Euryarchaeota_Thermoplasmata_014H09-A-SD-P15	Archaea;Euryarchaeota;Thermoplasmata;014H09-A-SD-P15
Archaea_Euryarchaeota_Thermoplasmata_059A02-A-SD-P93	Archaea;Euryarchaeota;Thermoplasmata;059A02-A-SD-P93
Archaea_Euryarchaeota_Thermoplasmata_19c-33	Archaea;Euryarchaeota;Thermoplasmata;19c-33
Archaea_Euryarchaeota_Thermoplasmata_20a-9	Archaea;Euryarchaeota;Thermoplasmata;20a-9
Archaea_Euryarchaeota_Thermoplasmata_Fe-A-9	Archaea;Euryarchaeota;Thermoplasmata;Fe-A-9
Archaea_Euryarchaeota_Thermoplasmata_Kazan-3A-21	Archaea;Euryarchaeota;Thermoplasmata;Kazan-3A-21
Archaea_Euryarchaeota_Thermoplasmata_Marine_Benthic_Group_E	Archaea;Euryarchaeota;Thermoplasmata;Marine Benthic Group E
Archaea_Euryarchaeota_Thermoplasmata_MSBL1	Archaea;Euryarchaeota;Thermoplasmata;MSBL1
Archaea_Euryarchaeota_Thermoplasmata_South_African_Goldmine_Gp_SAGMEG_	Archaea;Euryarchaeota;Thermoplasmata;South African Goldmine Gp(SAGMEG)
Archaea_Euryarchaeota_Thermoplasmata_Thermoplasmatales_20c-4	Archaea;Euryarchaeota;Thermoplasmata;Thermoplasmatales;20c-4
Archaea_Euryarchaeota_Thermoplasmata_Thermoplasmatales_2B5	Archaea;Euryarchaeota;Thermoplasmata;Thermoplasmatales;2B5
Archaea_Euryarchaeota_Thermoplasmata_Thermoplasmatales_4559-3-R1-4	Archaea;Euryarchaeota;Thermoplasmata;Thermoplasmatales;4559-3-R1-4
Archaea_Euryarchaeota_Thermoplasmata_Thermoplasmatales_A10	Archaea;Euryarchaeota;Thermoplasmata;Thermoplasmatales;A10
Archaea_Euryarchaeota_Thermoplasmata_Thermoplasmatales_AMOS1A-4113-D04	Archaea;Euryarchaeota;Thermoplasmata;Thermoplasmatales;AMOS1A-4113-D04
Archaea_Euryarchaeota_Thermoplasmata_Thermoplasmatales_AMOS4A-452-E11	Archaea;Euryarchaeota;Thermoplasmata;Thermoplasmatales;AMOS4A-452-E11
Archaea_Euryarchaeota_Thermoplasmata_Thermoplasmatales_Amsterdam-1A-44	Archaea;Euryarchaeota;Thermoplasmata;Thermoplasmatales;Amsterdam-1A-44
Archaea_Euryarchaeota_Thermoplasmata_Thermoplasmatales_ANT06-05	Archaea;Euryarchaeota;Thermoplasmata;Thermoplasmatales;ANT06-05
Archaea_Euryarchaeota_Thermoplasmata_Thermoplasmatales_ASC21	Archaea;Euryarchaeota;Thermoplasmata;Thermoplasmatales;ASC21
Archaea_Euryarchaeota_Thermoplasmata_Thermoplasmatales_BSLdp215	Archaea;Euryarchaeota;Thermoplasmata;Thermoplasmatales;BSLdp215
Archaea_Euryarchaeota_Thermoplasmata_Thermoplasmatales_CCA47	Archaea;Euryarchaeota;Thermoplasmata;Thermoplasmatales;CCA47
Archaea_Euryarchaeota_Thermoplasmata_Thermoplasmatales_Deep_Sea_Hydrothermal_Vent_Gp_2_DHVEG-2__Candidatus_Aciduliprofundum	Archaea;Euryarchaeota;Thermoplasmata;Thermoplasmatales;Deep Sea Hydrothermal Vent Gp 2(DHVEG-2);Candidatus Aciduliprofundum
Archaea_Euryarchaeota_Thermoplasmata_Thermoplasmatales_F2apm1A36	Archaea;Euryarchaeota;Thermoplasmata;Thermoplasmatales;F2apm1A36
Archaea_Euryarchaeota_Thermoplasmata_Thermoplasmatales_Ferroplasmaceae_Acidiplasma	Archaea;Euryarchaeota;Thermoplasmata;Thermoplasmatales;Ferroplasmaceae;Acidiplasma
Archaea_Euryarchaeota_Thermoplasmata_Thermoplasmatales_Ferroplasmaceae_Ferroplasma	Archaea;Euryarchaeota;Thermoplasmata;Thermoplasmatales;Ferroplasmaceae;Ferroplasma
Archaea_Euryarchaeota_Thermoplasmata_Thermoplasmatales_Ferroplasmaceae_uncultured	Archaea;Euryarchaeota;Thermoplasmata;Thermoplasmatales;Ferroplasmaceae;uncultured
Archaea_Euryarchaeota_Thermoplasmata_Thermoplasmatales_HO28S9A17	Archaea;Euryarchaeota;Thermoplasmata;Thermoplasmatales;HO28S9A17
Archaea_Euryarchaeota_Thermoplasmata_Thermoplasmatales_KTK_4A	Archaea;Euryarchaeota;Thermoplasmata;Thermoplasmatales;KTK 4A
Archaea_Euryarchaeota_Thermoplasmata_Thermoplasmatales_Marine_Benthic_Group_D_and_DHVEG-1	Archaea;Euryarchaeota;Thermoplasmata;Thermoplasmatales;Marine Benthic Group D and DHVEG-1
Archaea_Euryarchaeota_Thermoplasmata_Thermoplasmatales_Marine_Group_II	Archaea;Euryarchaeota;Thermoplasmata;Thermoplasmatales;Marine Group II
Archaea_Euryarchaeota_Thermoplasmata_Thermoplasmatales_Marine_Group_III	Archaea;Euryarchaeota;Thermoplasmata;Thermoplasmatales;Marine Group III
Archaea_Euryarchaeota_Thermoplasmata_Thermoplasmatales_MKCST-A3	Archaea;Euryarchaeota;Thermoplasmata;Thermoplasmatales;MKCST-A3
Archaea_Euryarchaeota_Thermoplasmata_Thermoplasmatales_Picrophilaceae_Picrophilus	Archaea;Euryarchaeota;Thermoplasmata;Thermoplasmatales;Picrophilaceae;Picrophilus
Archaea_Euryarchaeota_Thermoplasmata_Thermoplasmatales_pMC2A24	Archaea;Euryarchaeota;Thermoplasmata;Thermoplasmatales;pMC2A24
Archaea_Euryarchaeota_Thermoplasmata_Thermoplasmatales_Terrestrial_Miscellaneous_Gp_TMEG_	Archaea;Euryarchaeota;Thermoplasmata;Thermoplasmatales;Terrestrial Miscellaneous Gp(TMEG)
Archaea_Euryarchaeota_Thermoplasmata_Thermoplasmatales_Thermoplasmataceae_Thermoplasma	Archaea;Euryarchaeota;Thermoplasmata;Thermoplasmatales;Thermoplasmataceae;Thermoplasma
Archaea_Euryarchaeota_Thermoplasmata_Thermoplasmatales_Thermoplasmatales_Incertae_Sedis_Candidatus_Methanogranum	Archaea;Euryarchaeota;Thermoplasmata;Thermoplasmatales;Thermoplasmatales Incertae Sedis;Candidatus Methanogranum
Archaea_Euryarchaeota_Thermoplasmata_Thermoplasmatales_Thermoplasmatales_Incertae_Sedis_Candidatus_Methanomethylophilus	Archaea;Euryarchaeota;Thermoplasmata;Thermoplasmatales;Thermoplasmatales Incertae Sedis;Candidatus Methanomethylophilus
Archaea_Euryarchaeota_Thermoplasmata_Thermoplasmatales_Thermoplasmatales_Incertae_Sedis_Candidatus_Methanoplasma	Archaea;Euryarchaeota;Thermoplasmata;Thermoplasmatales;Thermoplasmatales Incertae Sedis;Candidatus Methanoplasma
Archaea_Euryarchaeota_Thermoplasmata_Thermoplasmatales_Thermoplasmatales_Incertae_Sedis_Methanomassiliicoccus	Archaea;Euryarchaeota;Thermoplasmata;Thermoplasmatales;Thermoplasmatales Incertae Sedis;Methanomassiliicoccus
Archaea_Euryarchaeota_Thermoplasmata_Thermoplasmatales_Thermoplasmatales_Incertae_Sedis_Thermogymnomonas	Archaea;Euryarchaeota;Thermoplasmata;Thermoplasmatales;Thermoplasmatales Incertae Sedis;Thermogymnomonas
Archaea_Euryarchaeota_Thermoplasmata_Thermoplasmatales_Thp-A-102	Archaea;Euryarchaeota;Thermoplasmata;Thermoplasmatales;Thp-A-102
Archaea_Euryarchaeota_Thermoplasmata_Thermoplasmatales_VC2.1_Arc6	Archaea;Euryarchaeota;Thermoplasmata;Thermoplasmatales;VC2.1 Arc6
Archaea_Euryarchaeota_Thermoplasmata_WCHA1-57	Archaea;Euryarchaeota;Thermoplasmata;WCHA1-57
Archaea_Euryarchaeota_Thermoplasmata_Z7ME43	Archaea;Euryarchaeota;Thermoplasmata;Z7ME43
Archaea_Korarchaeota_Korarchaeota_Incertae_Sedis_Unknown_Order_Unknown_Family_Candidatus_Korarchaeum	Archaea;Korarchaeota;Korarchaeota Incertae Sedis;Unknown Order;Unknown Family;Candidatus Korarchaeum
Archaea_Marine_Hydrothermal_Vent_Group_1_MHVG-1_	Archaea;Marine Hydrothermal Vent Group 1(MHVG-1)
Archaea_Marine_Hydrothermal_Vent_Group_2_MHVG-2_	Archaea;Marine Hydrothermal Vent Group 2(MHVG-2)
Archaea_Marine_Hydrothermal_Vent_Group_MHVG_	Archaea;Marine Hydrothermal Vent Group(MHVG)
Archaea_Miscellaneous_Crenarchaeotic_Group	Archaea;Miscellaneous Crenarchaeotic Group
Archaea_Miscellaneous_Euryarchaeotic_Group_MEG_	Archaea;Miscellaneous Euryarchaeotic Group(MEG)
Archaea_Nanoarchaeota_Nanoarchaeota_Incertae_Sedis_Unknown_Order_Unknown_Family_Nanoarchaeum	Archaea;Nanoarchaeota;Nanoarchaeota Incertae Sedis;Unknown Order;Unknown Family;Nanoarchaeum
Archaea_Nanohaloarchaeota	Archaea;Nanohaloarchaeota
Archaea_Parvarchaeota_Parvarchaeota_Incertae_Sedis_Unknown_Order_Unknown_Family_Candidatus_Micrarchaeum	Archaea;Parvarchaeota;Parvarchaeota Incertae Sedis;Unknown Order;Unknown Family;Candidatus Micrarchaeum
Archaea_pCIRA-13	Archaea;pCIRA-13
Archaea_SM1K20	Archaea;SM1K20
Archaea_Thaumarchaeota_AB64A-17	Archaea;Thaumarchaeota;AB64A-17
Archaea_Thaumarchaeota_AK31	Archaea;Thaumarchaeota;AK31
Archaea_Thaumarchaeota_AK56	Archaea;Thaumarchaeota;AK56
Archaea_Thaumarchaeota_AK59	Archaea;Thaumarchaeota;AK59
Archaea_Thaumarchaeota_AK8	Archaea;Thaumarchaeota;AK8
Archaea_Thaumarchaeota_ArcC-u-cD06	Archaea;Thaumarchaeota;ArcC-u-cD06
Archaea_Thaumarchaeota_AS48	Archaea;Thaumarchaeota;AS48
Archaea_Thaumarchaeota_D-F10	Archaea;Thaumarchaeota;D-F10
Archaea_Thaumarchaeota_F9P122000-Arc-2-E02	Archaea;Thaumarchaeota;F9P122000-Arc-2-E02
Archaea_Thaumarchaeota_FS243A-60	Archaea;Thaumarchaeota;FS243A-60
Archaea_Thaumarchaeota_Group_C3	Archaea;Thaumarchaeota;Group C3
Archaea_Thaumarchaeota_HDBA-SITS389	Archaea;Thaumarchaeota;HDBA-SITS389
Archaea_Thaumarchaeota_HDBA-SITS413	Archaea;Thaumarchaeota;HDBA-SITS413
Archaea_Thaumarchaeota_Marine_Benthic_Group_A	Archaea;Thaumarchaeota;Marine Benthic Group A
Archaea_Thaumarchaeota_Marine_Benthic_Group_B	Archaea;Thaumarchaeota;Marine Benthic Group B
Archaea_Thaumarchaeota_Marine_Group_I_Cenarchaeales_Cenarchaeaceae_Cenarchaeum	Archaea;Thaumarchaeota;Marine Group I;Cenarchaeales;Cenarchaeaceae;Cenarchaeum
Archaea_Thaumarchaeota_Marine_Group_I_Unknown_Order_Unknown_Family_Candidatus_Nitrosoarchaeum	Archaea;Thaumarchaeota;Marine Group I;Unknown Order;Unknown Family;Candidatus Nitrosoarchaeum
Archaea_Thaumarchaeota_Marine_Group_I_Unknown_Order_Unknown_Family_Candidatus_Nitrosopelagicus	Archaea;Thaumarchaeota;Marine Group I;Unknown Order;Unknown Family;Candidatus Nitrosopelagicus
Archaea_Thaumarchaeota_Marine_Group_I_Unknown_Order_Unknown_Family_Candidatus_Nitrosopumilus	Archaea;Thaumarchaeota;Marine Group I;Unknown Order;Unknown Family;Candidatus Nitrosopumilus
Archaea_Thaumarchaeota_OPPD003	Archaea;Thaumarchaeota;OPPD003
Archaea_Thaumarchaeota_Papm3A43	Archaea;Thaumarchaeota;Papm3A43
Archaea_Thaumarchaeota_pMC2A209	Archaea;Thaumarchaeota;pMC2A209
Archaea_Thaumarchaeota_pSL12	Archaea;Thaumarchaeota;pSL12
Archaea_Thaumarchaeota_Sc-EA05	Archaea;Thaumarchaeota;Sc-EA05
Archaea_Thaumarchaeota_SIFC624	Archaea;Thaumarchaeota;SIFC624
Archaea_Thaumarchaeota_SIGW1085	Archaea;Thaumarchaeota;SIGW1085
Archaea_Thaumarchaeota_SIGW396	Archaea;Thaumarchaeota;SIGW396
Archaea_Thaumarchaeota_SIGW621	Archaea;Thaumarchaeota;SIGW621
Archaea_Thaumarchaeota_Soil_Crenarchaeotic_Group_SCG__Unknown_Order_Unknown_Family_Candidatus_Nitrososphaera	Archaea;Thaumarchaeota;Soil Crenarchaeotic Group(SCG);Unknown Order;Unknown Family;Candidatus Nitrososphaera
Archaea_Thaumarchaeota_South_African_Gold_Mine_Gp_1_SAGMCG-1__Unknown_Order_Unknown_Family_Candidatus_Nitrosotalea	Archaea;Thaumarchaeota;South African Gold Mine Gp 1(SAGMCG-1);Unknown Order;Unknown Family;Candidatus Nitrosotalea
Archaea_Thaumarchaeota_terrestrial_group	Archaea;Thaumarchaeota;terrestrial group
Archaea_Thaumarchaeota_Thaumarchaeota_Incertae_Sedis_Unknown_Order_Unknown_Family_Candidatus_Nitrosocaldus	Archaea;Thaumarchaeota;Thaumarchaeota Incertae Sedis;Unknown Order;Unknown Family;Candidatus Nitrosocaldus
Archaea_Thaumarchaeota_TOTO-A6-15	Archaea;Thaumarchaeota;TOTO-A6-15
Archaea_Thaumarchaeota_Z273FA48	Archaea;Thaumarchaeota;Z273FA48
Archaea_TVG8AR30	Archaea;TVG8AR30
Archaea_Woesearchaeota__DHVEG-6_	Archaea;Woesearchaeota (DHVEG-6)
Bacteria_Acetothermia_Unknown_Class_Unknown_Order_Unknown_Family_Candidatus_Acetothermus	Bacteria;Acetothermia;Unknown Class;Unknown Order;Unknown Family;Candidatus Acetothermus
Bacteria_Acidobacteria_Acidobacteria	Bacteria;Acidobacteria;Acidobacteria
Bacteria_Acidobacteria_Holophagae	Bacteria;Acidobacteria;Holophagae
Bacteria_Acidobacteria_Subgroup_22	Bacteria;Acidobacteria;Subgroup 22
Bacteria_Acidobacteria_Subgroup_26	Bacteria;Acidobacteria;Subgroup 26
Bacteria_Actinobacteria_Acidimicrobiia_Acidimicrobiales	Bacteria;Actinobacteria;Acidimicrobiia;Acidimicrobiales
Bacteria_Actinobacteria_Actinobacteria	Bacteria;Actinobacteria;Actinobacteria
Bacteria_Actinobacteria_Coriobacteriia_Coriobacteriales_Coriobacteriaceae	Bacteria;Actinobacteria;Coriobacteriia;Coriobacteriales;Coriobacteriaceae
Bacteria_Actinobacteria_FFCH16263	Bacteria;Actinobacteria;FFCH16263
Bacteria_Actinobacteria_KIST-JJY010	Bacteria;Actinobacteria;KIST-JJY010
Bacteria_Actinobacteria_MB-A2-108	Bacteria;Actinobacteria;MB-A2-108
Bacteria_Actinobacteria_Nitriliruptoria	Bacteria;Actinobacteria;Nitriliruptoria
Bacteria_Actinobacteria_OPB41	Bacteria;Actinobacteria;OPB41
Bacteria_Actinobacteria_Rubrobacteria_Rubrobacterales_Rubrobacteriaceae_Rubrobacter	Bacteria;Actinobacteria;Rubrobacteria;Rubrobacterales;Rubrobacteriaceae;Rubrobacter
Bacteria_Actinobacteria_TakashiAC-B11	Bacteria;Actinobacteria;TakashiAC-B11
Bacteria_Actinobacteria_Thermoleophilia	Bacteria;Actinobacteria;Thermoleophilia
Bacteria_Aerophobetes	Bacteria;Aerophobetes
Bacteria_Aminicenantes	Bacteria;Aminicenantes
Bacteria_aquifer1	Bacteria;aquifer1
Bacteria_aquifer2	Bacteria;aquifer2
Bacteria_Aquificae_Aquificae_Aquificales	Bacteria;Aquificae;Aquificae;Aquificales
Bacteria_Armatimonadetes_Armatimonadia_Armatimonadales_Armatimonadaceae_Armatimonas	Bacteria;Armatimonadetes;Armatimonadia;Armatimonadales;Armatimonadaceae;Armatimonas
Bacteria_Armatimonadetes_Chthonomonadetes_Chthonomonadales_Chthonomonadaceae_Chthonomonas	Bacteria;Armatimonadetes;Chthonomonadetes;Chthonomonadales;Chthonomonadaceae;Chthonomonas
Bacteria_Atribacteria_Atribacteria_Incertae_Sedis_Unknown_Order_Unknown_Family_Candidatus_Caldatribacterium	Bacteria;Atribacteria;Atribacteria Incertae Sedis;Unknown Order;Unknown Family;Candidatus Caldatribacterium
Bacteria_Bacteroidetes_Bacteroidetes_BD2-2	Bacteria;Bacteroidetes;Bacteroidetes BD2-2
Bacteria_Bacteroidetes_Bacteroidetes_vadinHA17	Bacteria;Bacteroidetes;Bacteroidetes vadinHA17
Bacteria_Bacteroidetes_Bacteroidetes_VC2.1_Bac22	Bacteria;Bacteroidetes;Bacteroidetes VC2.1 Bac22
Bacteria_Bacteroidetes_Bacteroidia	Bacteria;Bacteroidetes;Bacteroidia
Bacteria_Bacteroidetes_BSV13	Bacteria;Bacteroidetes;BSV13
Bacteria_Bacteroidetes_Cytophagia	Bacteria;Bacteroidetes;Cytophagia
Bacteria_Bacteroidetes_Flavobacteriia_Flavobacteriales	Bacteria;Bacteroidetes;Flavobacteriia;Flavobacteriales
Bacteria_Bacteroidetes_Ika33	Bacteria;Bacteroidetes;Ika33
Bacteria_Bacteroidetes_ML602M-17	Bacteria;Bacteroidetes;ML602M-17
Bacteria_Bacteroidetes_SB-5	Bacteria;Bacteroidetes;SB-5
Bacteria_Bacteroidetes_SBXY-6786	Bacteria;Bacteroidetes;SBXY-6786
Bacteria_Bacteroidetes_SM1A07	Bacteria;Bacteroidetes;SM1A07
Bacteria_Bacteroidetes_Sphingobacteriia_Sphingobacteriales	Bacteria;Bacteroidetes;Sphingobacteriia;Sphingobacteriales
Bacteria_Bacteroidetes_WCHB1-32	Bacteria;Bacteroidetes;WCHB1-32
Bacteria_Caldiserica_Caldisericia_Caldisericales	Bacteria;Caldiserica;Caldisericia;Caldisericales
Bacteria_Calescamantes	Bacteria;Calescamantes
Bacteria_Candidate_division_OP3	Bacteria;Candidate division OP3
Bacteria_Candidate_division_SR1	Bacteria;Candidate division SR1
Bacteria_Candidate_division_WS6	Bacteria;Candidate division WS6
Bacteria_Chlamydiae_Chlamydiae_Chlamydiales	Bacteria;Chlamydiae;Chlamydiae;Chlamydiales
Bacteria_Chlorobi_Chlorobia_Chlorobiales	Bacteria;Chlorobi;Chlorobia;Chlorobiales
Bacteria_Chlorobi_Ignavibacteria_Ignavibacteriales	Bacteria;Chlorobi;Ignavibacteria;Ignavibacteriales
Bacteria_Chloroflexi_Anaerolineae_Anaerolineales_Anaerolineaceae	Bacteria;Chloroflexi;Anaerolineae;Anaerolineales;Anaerolineaceae
Bacteria_Chloroflexi_Ardenticatenia	Bacteria;Chloroflexi;Ardenticatenia
Bacteria_Chloroflexi_Caldilineae_Caldilineales_Caldilineaceae	Bacteria;Chloroflexi;Caldilineae;Caldilineales;Caldilineaceae
Bacteria_Chloroflexi_Chloroflexi_Incertae_Sedis_Unknown_Order_Unknown_Family_Thermobaculum	Bacteria;Chloroflexi;Chloroflexi Incertae Sedis;Unknown Order;Unknown Family;Thermobaculum
Bacteria_Chloroflexi_Chloroflexia	Bacteria;Chloroflexi;Chloroflexia
Bacteria_Chloroflexi_Dehalococcoidia	Bacteria;Chloroflexi;Dehalococcoidia
Bacteria_Chloroflexi_Elev-1554	Bacteria;Chloroflexi;Elev-1554
Bacteria_Chloroflexi_Gitt-GS-136	Bacteria;Chloroflexi;Gitt-GS-136
Bacteria_Chloroflexi_JG30-KF-CM66	Bacteria;Chloroflexi;JG30-KF-CM66
Bacteria_Chloroflexi_JG37-AG-4	Bacteria;Chloroflexi;JG37-AG-4
Bacteria_Chloroflexi_KD4-96	Bacteria;Chloroflexi;KD4-96
Bacteria_Chloroflexi_Ktedonobacteria	Bacteria;Chloroflexi;Ktedonobacteria
Bacteria_Chloroflexi_KZNMV-5-B42	Bacteria;Chloroflexi;KZNMV-5-B42
Bacteria_Chloroflexi_MSB-5B2	Bacteria;Chloroflexi;MSB-5B2
Bacteria_Chloroflexi_P2-11E	Bacteria;Chloroflexi;P2-11E
Bacteria_Chloroflexi_S085	Bacteria;Chloroflexi;S085
Bacteria_Chloroflexi_SAR202_clade	Bacteria;Chloroflexi;SAR202 clade
Bacteria_Chloroflexi_SHA-26	Bacteria;Chloroflexi;SHA-26
Bacteria_Chloroflexi_SL56_marine_group	Bacteria;Chloroflexi;SL56 marine group
Bacteria_Chloroflexi_Thermoflexia_Thermoflexales_Thermoflexaceae_Thermoflexus	Bacteria;Chloroflexi;Thermoflexia;Thermoflexales;Thermoflexaceae;Thermoflexus
Bacteria_Chloroflexi_Thermomicrobia	Bacteria;Chloroflexi;Thermomicrobia
Bacteria_Chloroflexi_TK10	Bacteria;Chloroflexi;TK10
Bacteria_Chloroflexi_uncultured	Bacteria;Chloroflexi;uncultured
Bacteria_Chrysiogenetes_Chrysiogenetes_Chrysiogenales_Chrysiogenaceae	Bacteria;Chrysiogenetes;Chrysiogenetes;Chrysiogenales;Chrysiogenaceae
Bacteria_CKC4	Bacteria;CKC4
Bacteria_Cloacimonetes_C-2	Bacteria;Cloacimonetes;C-2
Bacteria_Cloacimonetes_Cloacimonetes_Incertae_Sedis_Unknown_Order_Unknown_Family_Candidatus_Cloacamonas	Bacteria;Cloacimonetes;Cloacimonetes Incertae Sedis;Unknown Order;Unknown Family;Candidatus Cloacamonas
Bacteria_Cloacimonetes_CW-1_termite_group	Bacteria;Cloacimonetes;CW-1 termite group
Bacteria_Cloacimonetes_FGL12-B44	Bacteria;Cloacimonetes;FGL12-B44
Bacteria_Cloacimonetes_GZKB75	Bacteria;Cloacimonetes;GZKB75
Bacteria_Cloacimonetes_LK-44f	Bacteria;Cloacimonetes;LK-44f
Bacteria_Cloacimonetes_LNR_A2-18	Bacteria;Cloacimonetes;LNR A2-18
Bacteria_Cloacimonetes_MSBL2	Bacteria;Cloacimonetes;MSBL2
Bacteria_Cloacimonetes_MSBL8	Bacteria;Cloacimonetes;MSBL8
Bacteria_Cloacimonetes_NK-L14	Bacteria;Cloacimonetes;NK-L14
Bacteria_Cloacimonetes_PBS-18	Bacteria;Cloacimonetes;PBS-18
Bacteria_Cloacimonetes_SHA-4	Bacteria;Cloacimonetes;SHA-4
Bacteria_Cloacimonetes_SHA-41	Bacteria;Cloacimonetes;SHA-41
Bacteria_Cloacimonetes_W27	Bacteria;Cloacimonetes;W27
Bacteria_Cloacimonetes_W5	Bacteria;Cloacimonetes;W5
Bacteria_Cyanobacteria_Chloroplast	Bacteria;Cyanobacteria;Chloroplast
Bacteria_Cyanobacteria_Cyanobacteria	Bacteria;Cyanobacteria;Cyanobacteria
Bacteria_Cyanobacteria_Melainabacteria	Bacteria;Cyanobacteria;Melainabacteria
Bacteria_Cyanobacteria_ML635J-21	Bacteria;Cyanobacteria;ML635J-21
Bacteria_Deferribacteres_Deferribacteres_Deferribacterales_Deferribacteraceae	Bacteria;Deferribacteres;Deferribacteres;Deferribacterales;Deferribacteraceae
Bacteria_Deferribacteres_Deferribacteres_Incertae_Sedis_Unknown_Order_Unknown_Family_Caldithrix	Bacteria;Deferribacteres;Deferribacteres Incertae Sedis;Unknown Order;Unknown Family;Caldithrix
Bacteria_Deinococcus-Thermus_Deinococci	Bacteria;Deinococcus-Thermus;Deinococci
Bacteria_Dictyoglomi_Dictyoglomia_Dictyoglomales_Dictyoglomaceae_Dictyoglomus	Bacteria;Dictyoglomi;Dictyoglomia;Dictyoglomales;Dictyoglomaceae;Dictyoglomus
Bacteria_Elusimicrobia_Elusimicrobia	Bacteria;Elusimicrobia;Elusimicrobia
Bacteria_Fibrobacteres_Chitinivibrionia	Bacteria;Fibrobacteres;Chitinivibrionia
Bacteria_Fibrobacteres_Fibrobacteria_Fibrobacterales	Bacteria;Fibrobacteres;Fibrobacteria;Fibrobacterales
Bacteria_Firmicutes_Bacilli	Bacteria;Firmicutes;Bacilli
Bacteria_Firmicutes_Clostridia	Bacteria;Firmicutes;Clostridia
Bacteria_Firmicutes_Erysipelotrichia_Erysipelotrichales_Erysipelotrichaceae	Bacteria;Firmicutes;Erysipelotrichia;Erysipelotrichales;Erysipelotrichaceae
Bacteria_Firmicutes_Negativicutes_Selenomonadales	Bacteria;Firmicutes;Negativicutes;Selenomonadales
Bacteria_Firmicutes_OPB54	Bacteria;Firmicutes;OPB54
Bacteria_Fusobacteria_Fusobacteriia_Fusobacteriales	Bacteria;Fusobacteria;Fusobacteriia;Fusobacteriales
Bacteria_GAL08	Bacteria;GAL08
Bacteria_Gemmatimonadetes_Gemmatimonadetes	Bacteria;Gemmatimonadetes;Gemmatimonadetes
Bacteria_GOUTA4	Bacteria;GOUTA4
Bacteria_Gracilibacteria	Bacteria;Gracilibacteria
Bacteria_Hyd24-12	Bacteria;Hyd24-12
Bacteria_Hydrogenedentes	Bacteria;Hydrogenedentes
Bacteria_JL-ETNP-Z39	Bacteria;JL-ETNP-Z39
Bacteria_Kazan-3B-09	Bacteria;Kazan-3B-09
Bacteria_Latescibacteria_Latescibacteria_Incertae_Sedis_Unknown_Order_Unknown_Family_Candidatus_Latescibacter	Bacteria;Latescibacteria;Latescibacteria Incertae Sedis;Unknown Order;Unknown Family;Candidatus Latescibacter
Bacteria_LCP-89	Bacteria;LCP-89
Bacteria_LD1-PA38	Bacteria;LD1-PA38
Bacteria_Lentisphaerae_055B07-P-DI-P58	Bacteria;Lentisphaerae;055B07-P-DI-P58
Bacteria_Lentisphaerae_113B434	Bacteria;Lentisphaerae;113B434
Bacteria_Lentisphaerae_B01R017	Bacteria;Lentisphaerae;B01R017
Bacteria_Lentisphaerae_BS5	Bacteria;Lentisphaerae;BS5
Bacteria_Lentisphaerae_c5LKS8	Bacteria;Lentisphaerae;c5LKS8
Bacteria_Lentisphaerae_CVer-1_termite_group	Bacteria;Lentisphaerae;CVer-1 termite group
Bacteria_Lentisphaerae_CVer-2_termite_group	Bacteria;Lentisphaerae;CVer-2 termite group
Bacteria_Lentisphaerae_DEV055	Bacteria;Lentisphaerae;DEV055
Bacteria_Lentisphaerae_LD1-PA20	Bacteria;Lentisphaerae;LD1-PA20
Bacteria_Lentisphaerae_LD1-PA26	Bacteria;Lentisphaerae;LD1-PA26
Bacteria_Lentisphaerae_LD1-PA34	Bacteria;Lentisphaerae;LD1-PA34
Bacteria_Lentisphaerae_LD1-PB3	Bacteria;Lentisphaerae;LD1-PB3
Bacteria_Lentisphaerae_Lentisphaerae_RFP12_gut_group	Bacteria;Lentisphaerae;Lentisphaerae RFP12 gut group
Bacteria_Lentisphaerae_Lentisphaeria	Bacteria;Lentisphaerae;Lentisphaeria
Bacteria_Lentisphaerae_ML1228J-2	Bacteria;Lentisphaerae;ML1228J-2
Bacteria_Lentisphaerae_ML635J-35	Bacteria;Lentisphaerae;ML635J-35
Bacteria_Lentisphaerae_MSBL3	Bacteria;Lentisphaerae;MSBL3
Bacteria_Lentisphaerae_Oligosphaeria_Oligosphaerales_Oligosphaeraceae_Oligosphaera	Bacteria;Lentisphaerae;Oligosphaeria;Oligosphaerales;Oligosphaeraceae;Oligosphaera
Bacteria_Lentisphaerae_PBS-III-20	Bacteria;Lentisphaerae;PBS-III-20
Bacteria_Lentisphaerae_R76-B128	Bacteria;Lentisphaerae;R76-B128
Bacteria_Lentisphaerae_SBYG-2613	Bacteria;Lentisphaerae;SBYG-2613
Bacteria_Lentisphaerae_SS1-B-03-39	Bacteria;Lentisphaerae;SS1-B-03-39
Bacteria_Lentisphaerae_WCHB1-25	Bacteria;Lentisphaerae;WCHB1-25
Bacteria_Lentisphaerae_WCHB1-41	Bacteria;Lentisphaerae;WCHB1-41
Bacteria_Marinimicrobia__SAR406_clade_	Bacteria;Marinimicrobia (SAR406 clade)
Bacteria_Microgenomates	Bacteria;Microgenomates
Bacteria_Nitrospirae_Nitrospira_Nitrospirales	Bacteria;Nitrospirae;Nitrospira;Nitrospirales
Bacteria_OC31	Bacteria;OC31
Bacteria_Omnitrophica_NPL-UPA2	Bacteria;Omnitrophica;NPL-UPA2
Bacteria_Omnitrophica_Omnitrophica_Incertae_Sedis_Unknown_Order_Unknown_Family_Candidatus_Omnitrophus	Bacteria;Omnitrophica;Omnitrophica Incertae Sedis;Unknown Order;Unknown Family;Candidatus Omnitrophus
Bacteria_Parcubacteria_Parcubacteria_Incertae_Sedis_Unknown_Order_Unknown_Family_Candidatus_Paceibacter	Bacteria;Parcubacteria;Parcubacteria Incertae Sedis;Unknown Order;Unknown Family;Candidatus Paceibacter
Bacteria_PAUC34f	Bacteria;PAUC34f
Bacteria_Planctomycetes_028H05-P-BN-P5	Bacteria;Planctomycetes;028H05-P-BN-P5
Bacteria_Planctomycetes_BD7-11	Bacteria;Planctomycetes;BD7-11
Bacteria_Planctomycetes_C47	Bacteria;Planctomycetes;C47
Bacteria_Planctomycetes_MBMPE71	Bacteria;Planctomycetes;MBMPE71
Bacteria_Planctomycetes_MD2896-B258	Bacteria;Planctomycetes;MD2896-B258
Bacteria_Planctomycetes_OM190	Bacteria;Planctomycetes;OM190
Bacteria_Planctomycetes_Phycisphaerae	Bacteria;Planctomycetes;Phycisphaerae
Bacteria_Planctomycetes_Pla3_lineage	Bacteria;Planctomycetes;Pla3 lineage
Bacteria_Planctomycetes_Pla4_lineage	Bacteria;Planctomycetes;Pla4 lineage
Bacteria_Planctomycetes_Planctomycetacia	Bacteria;Planctomycetes;Planctomycetacia
Bacteria_Planctomycetes_SGST604	Bacteria;Planctomycetes;SGST604
Bacteria_Planctomycetes_SPG12-401-411-B72	Bacteria;Planctomycetes;SPG12-401-411-B72
Bacteria_Planctomycetes_vadinHA49	Bacteria;Planctomycetes;vadinHA49
Bacteria_Proteobacteria_AEGEAN-245	Bacteria;Proteobacteria;AEGEAN-245
Bacteria_Proteobacteria_Alphaproteobacteria	Bacteria;Proteobacteria;Alphaproteobacteria
Bacteria_Proteobacteria_ARKDMS-49	Bacteria;Proteobacteria;ARKDMS-49
Bacteria_Proteobacteria_ARKICE-90	Bacteria;Proteobacteria;ARKICE-90
Bacteria_Proteobacteria_Betaproteobacteria	Bacteria;Proteobacteria;Betaproteobacteria
Bacteria_Proteobacteria_BJGMM-U27	Bacteria;Proteobacteria;BJGMM-U27
Bacteria_Proteobacteria_Deltaproteobacteria	Bacteria;Proteobacteria;Deltaproteobacteria
Bacteria_Proteobacteria_Elev-16S-509	Bacteria;Proteobacteria;Elev-16S-509
Bacteria_Proteobacteria_Epsilonproteobacteria	Bacteria;Proteobacteria;Epsilonproteobacteria
Bacteria_Proteobacteria_FGL7S	Bacteria;Proteobacteria;FGL7S
Bacteria_Proteobacteria_Gammaproteobacteria	Bacteria;Proteobacteria;Gammaproteobacteria
Bacteria_Proteobacteria_JTB23	Bacteria;Proteobacteria;JTB23
Bacteria_Proteobacteria_MACA-EFT26	Bacteria;Proteobacteria;MACA-EFT26
Bacteria_Proteobacteria_Milano-WF1B-44	Bacteria;Proteobacteria;Milano-WF1B-44
Bacteria_Proteobacteria_pItb-vmat-80	Bacteria;Proteobacteria;pItb-vmat-80
Bacteria_Proteobacteria_Proteobacteria_Incertae_Sedis_Unknown_Order_Unknown_Family	Bacteria;Proteobacteria;Proteobacteria Incertae Sedis;Unknown Order;Unknown Family
Bacteria_Proteobacteria_SC3-20	Bacteria;Proteobacteria;SC3-20
Bacteria_Proteobacteria_SK259	Bacteria;Proteobacteria;SK259
Bacteria_Proteobacteria_Skagenf62	Bacteria;Proteobacteria;Skagenf62
Bacteria_Proteobacteria_SPOTSOCT00m83	Bacteria;Proteobacteria;SPOTSOCT00m83
Bacteria_Proteobacteria_TA18	Bacteria;Proteobacteria;TA18
Bacteria_Proteobacteria_Zetaproteobacteria_Mariprofundales_Mariprofundaceae_Mariprofundus	Bacteria;Proteobacteria;Zetaproteobacteria;Mariprofundales;Mariprofundaceae;Mariprofundus
Bacteria_RsaHF231	Bacteria;RsaHF231
Bacteria_S2R-29	Bacteria;S2R-29
Bacteria_Saccharibacteria_Unknown_Class_Unknown_Order_Unknown_Family_Candidatus_Saccharimonas	Bacteria;Saccharibacteria;Unknown Class;Unknown Order;Unknown Family;Candidatus Saccharimonas
Bacteria_SBYG-2791	Bacteria;SBYG-2791
Bacteria_SHA-109	Bacteria;SHA-109
Bacteria_SM2F11	Bacteria;SM2F11
Bacteria_Spirochaetae_Spirochaetes_Spirochaetales	Bacteria;Spirochaetae;Spirochaetes;Spirochaetales
Bacteria_Synergistetes_Synergistia_Synergistales_Synergistaceae	Bacteria;Synergistetes;Synergistia;Synergistales;Synergistaceae
Bacteria_TA06	Bacteria;TA06
Bacteria_Tenericutes_Mollicutes	Bacteria;Tenericutes;Mollicutes
Bacteria_Thermodesulfobacteria_Thermodesulfobacteria_Thermodesulfobacteriales_Thermodesulfobacteriaceae	Bacteria;Thermodesulfobacteria;Thermodesulfobacteria;Thermodesulfobacteriales;Thermodesulfobacteriaceae
Bacteria_Thermotogae_Thermotogae_Thermotogales_Thermotogaceae	Bacteria;Thermotogae;Thermotogae;Thermotogales;Thermotogaceae
Bacteria_TM6	Bacteria;TM6
Bacteria_Verrucomicrobia_Arctic97B-4_marine_group	Bacteria;Verrucomicrobia;Arctic97B-4 marine group
Bacteria_Verrucomicrobia_B29	Bacteria;Verrucomicrobia;B29
Bacteria_Verrucomicrobia_OPB35_soil_group_Unknown_Order_Unknown_Family_Pedosphaera	Bacteria;Verrucomicrobia;OPB35 soil group;Unknown Order;Unknown Family;Pedosphaera
Bacteria_Verrucomicrobia_Opitutae	Bacteria;Verrucomicrobia;Opitutae
Bacteria_Verrucomicrobia_S-BQ2-57_soil_group	Bacteria;Verrucomicrobia;S-BQ2-57 soil group
Bacteria_Verrucomicrobia_Spartobacteria_Chthoniobacterales	Bacteria;Verrucomicrobia;Spartobacteria;Chthoniobacterales
Bacteria_Verrucomicrobia_UA11	Bacteria;Verrucomicrobia;UA11
Bacteria_Verrucomicrobia_Verrucomicrobia_Incertae_Sedis_Unknown_Order_Unknown_Family_Candidatus_Methylacidiphilum	Bacteria;Verrucomicrobia;Verrucomicrobia Incertae Sedis;Unknown Order;Unknown Family;Candidatus Methylacidiphilum
Bacteria_Verrucomicrobia_Verrucomicrobiae_Verrucomicrobiales	Bacteria;Verrucomicrobia;Verrucomicrobiae;Verrucomicrobiales
Bacteria_WCHB1-60	Bacteria;WCHB1-60
Bacteria_WD272	Bacteria;WD272
Eukaryota_AB3F14RM1B12	Eukaryota;AB3F14RM1B12
Eukaryota_Amoebozoa_Archamoebae	Eukaryota;Amoebozoa;Archamoebae
Eukaryota_Amoebozoa_Cavosteliida	Eukaryota;Amoebozoa;Cavosteliida
Eukaryota_Amoebozoa_Dictyostelia	Eukaryota;Amoebozoa;Dictyostelia
Eukaryota_Amoebozoa_Discosea	Eukaryota;Amoebozoa;Discosea
Eukaryota_Amoebozoa_Fractovitelliida_Soliformovum	Eukaryota;Amoebozoa;Fractovitelliida;Soliformovum
Eukaryota_Amoebozoa_Gracilipodida	Eukaryota;Amoebozoa;Gracilipodida
Eukaryota_Amoebozoa_LEMD255	Eukaryota;Amoebozoa;LEMD255
Eukaryota_Amoebozoa_LKM74	Eukaryota;Amoebozoa;LKM74
Eukaryota_Amoebozoa_Myxogastria	Eukaryota;Amoebozoa;Myxogastria
Eukaryota_Amoebozoa_Protosporangiida_Protosporangiidae_Protosporangium	Eukaryota;Amoebozoa;Protosporangiida;Protosporangiidae;Protosporangium
Eukaryota_Amoebozoa_Protosteliida	Eukaryota;Amoebozoa;Protosteliida
Eukaryota_Amoebozoa_Schizoplasmodiida	Eukaryota;Amoebozoa;Schizoplasmodiida
Eukaryota_Amoebozoa_Tubulinea	Eukaryota;Amoebozoa;Tubulinea
Eukaryota_Amoebozoa_WIM5	Eukaryota;Amoebozoa;WIM5
Eukaryota_Archaeplastida_Chloroplastida	Eukaryota;Archaeplastida;Chloroplastida
Eukaryota_Archaeplastida_Glaucophyta	Eukaryota;Archaeplastida;Glaucophyta
Eukaryota_Archaeplastida_Rhodophyceae	Eukaryota;Archaeplastida;Rhodophyceae
Eukaryota_BW-dinoclone28	Eukaryota;BW-dinoclone28
Eukaryota_Centrohelida_Acanthocystidae	Eukaryota;Centrohelida;Acanthocystidae
Eukaryota_Centrohelida_CV1-B1-93	Eukaryota;Centrohelida;CV1-B1-93
Eukaryota_Centrohelida_H1-10	Eukaryota;Centrohelida;H1-10
Eukaryota_Centrohelida_H15-6	Eukaryota;Centrohelida;H15-6
Eukaryota_Centrohelida_H26-1	Eukaryota;Centrohelida;H26-1
Eukaryota_Centrohelida_Heterophryidae	Eukaryota;Centrohelida;Heterophryidae
Eukaryota_Centrohelida_M1-18D08	Eukaryota;Centrohelida;M1-18D08
Eukaryota_Cryptophyceae_Cryptomonadales	Eukaryota;Cryptophyceae;Cryptomonadales
Eukaryota_Cryptophyceae_Goniomonas	Eukaryota;Cryptophyceae;Goniomonas
Eukaryota_Cryptophyceae_Kathablepharidae	Eukaryota;Cryptophyceae;Kathablepharidae
Eukaryota_Cryptophyceae_P1-31	Eukaryota;Cryptophyceae;P1-31
Eukaryota_D4P07G08	Eukaryota;D4P07G08
Eukaryota_DH147-EKD10	Eukaryota;DH147-EKD10
Eukaryota_Excavata_Discoba	Eukaryota;Excavata;Discoba
Eukaryota_Excavata_Malawimonas	Eukaryota;Excavata;Malawimonas
Eukaryota_Excavata_Metamonada	Eukaryota;Excavata;Metamonada
Eukaryota_Haptophyta_Pav3	Eukaryota;Haptophyta;Pav3
Eukaryota_Haptophyta_Pavlovophyceae	Eukaryota;Haptophyta;Pavlovophyceae
Eukaryota_Haptophyta_Prymnesiophyceae	Eukaryota;Haptophyta;Prymnesiophyceae
Eukaryota_Haptophyta_T58	Eukaryota;Haptophyta;T58
Eukaryota_Haptophyta_uncultured	Eukaryota;Haptophyta;uncultured
Eukaryota_Incertae_Sedis_Ancyromonadida	Eukaryota;Incertae Sedis;Ancyromonadida
Eukaryota_Incertae_Sedis_Apusomonadidae	Eukaryota;Incertae Sedis;Apusomonadidae
Eukaryota_Incertae_Sedis_Breviatea	Eukaryota;Incertae Sedis;Breviatea
Eukaryota_Incertae_Sedis_Mantamonas	Eukaryota;Incertae Sedis;Mantamonas
Eukaryota_Incertae_Sedis_Palpitomonas	Eukaryota;Incertae Sedis;Palpitomonas
Eukaryota_Incertae_Sedis_Rigifilida	Eukaryota;Incertae Sedis;Rigifilida
Eukaryota_Incertae_Sedis_Telonema	Eukaryota;Incertae Sedis;Telonema
Eukaryota_NAMAKO-1	Eukaryota;NAMAKO-1
Eukaryota_Opisthokonta_Freshwater_Opisthokonta	Eukaryota;Opisthokonta;Freshwater Opisthokonta
Eukaryota_Opisthokonta_Holozoa	Eukaryota;Opisthokonta;Holozoa
Eukaryota_Opisthokonta_Nucletmycea	Eukaryota;Opisthokonta;Nucletmycea
Eukaryota_Opisthokonta_uncultured	Eukaryota;Opisthokonta;uncultured
Eukaryota_Picozoa_Picomonadida_Picomonadidae_Picomonas	Eukaryota;Picozoa;Picomonadida;Picomonadidae;Picomonas
Eukaryota_RT5iin25	Eukaryota;RT5iin25
Eukaryota_SA1-3C06	Eukaryota;SA1-3C06
Eukaryota_SAR_Alveolata	Eukaryota;SAR;Alveolata
Eukaryota_SAR_Rhizaria	Eukaryota;SAR;Rhizaria
Eukaryota_SAR_Stramenopiles	Eukaryota;SAR;Stramenopiles
